0_pre-RR,0_post-RR,0_pPeak,0_tPeak,0_rPeak,0_sPeak,0_qPeak,0_qrs_interval,0_pq_interval,0_qt_interval,0_st_interval,0_qrs_morph0,0_qrs_morph1,0_qrs_morph2,0_qrs_morph3,0_qrs_morph4,1_pre-RR,1_post-RR,1_pPeak,1_tPeak,1_rPeak,1_sPeak,1_qPeak,1_qrs_interval,1_pq_interval,1_qt_interval,1_st_interval,1_qrs_morph0,1_qrs_morph1,1_qrs_morph2,1_qrs_morph3,1_qrs_morph4
102,231,0.176376471,0.256431069,-0.101097641,-0.707524945,-0.101097641,4,3,14,7,-0.101097641,-0.101097641,-0.293285187,-0.487062462,-0.637562851,102,231,0.062879015,0.202171878,0.556317369,0.16270693,0.04689834,21,9,34,4,0.04689834,0.083727896,0.279512269,0.526784946,0.450968769
