0_pre-RR,0_post-RR,0_pPeak,0_tPeak,0_rPeak,0_sPeak,0_qPeak,0_qrs_interval,0_pq_interval,0_qt_interval,0_st_interval,0_qrs_morph0,0_qrs_morph1,0_qrs_morph2,0_qrs_morph3,0_qrs_morph4,1_pre-RR,1_post-RR,1_pPeak,1_tPeak,1_rPeak,1_sPeak,1_qPeak,1_qrs_interval,1_pq_interval,1_qt_interval,1_st_interval,1_qrs_morph0,1_qrs_morph1,1_qrs_morph2,1_qrs_morph3,1_qrs_morph4
180,167.0,-0.2616099077708466,0.5044606060573849,0.5574534771928203,-1.2519777561405303,-0.2620297704709797,44,1,92,47,-0.2620297704709797,-0.1843559600311093,-0.0693299894034341,0.2697440650974801,0.3881361476964315,180,167.0,0.0159329261056439,0.4489602088267189,0.0573498865477152,-0.7444854027153207,-0.0133276199059758,25,10,48,13,-0.0133276199059758,0.0005170174221571,0.0268052716404842,0.051368734812785,-0.2752381994918621
