0_pre-RR,0_post-RR,0_pPeak,0_tPeak,0_rPeak,0_sPeak,0_qPeak,0_qrs_interval,0_pq_interval,0_qt_interval,0_st_interval,0_qrs_morph0,0_qrs_morph1,0_qrs_morph2,0_qrs_morph3,0_qrs_morph4,1_pre-RR,1_post-RR,1_pPeak,1_tPeak,1_rPeak,1_sPeak,1_qPeak,1_qrs_interval,1_pq_interval,1_qt_interval,1_st_interval,1_qrs_morph0,1_qrs_morph1,1_qrs_morph2,1_qrs_morph3,1_qrs_morph4
315,321.0,-0.0621513440809614,-0.2969825451600668,0.9918590560568558,-0.410306180553059,-0.0656863278763177,22,3,32,7,-0.0656863278763177,0.0514592399077539,0.6304189612881775,0.8907935853292844,0.0912584437242184,315,321.0,0.0213113594631295,0.0082455161653336,0.0095284734609748,0.0082303305375344,0.0095284734609748,3,8,12,1,0.0095284734609748,0.0095284734609748,0.0087855532848716,0.0087855532848716,0.0083683934328459
